run_id,done,status,platform,architecture,analysis_role,cv_fold,outer_split_seed,inner_split_seed,training_seed,fit_train_cases,fit_train_patients,tuning_cases,tuning_patients,outer_test_cases,outer_test_patients,completed_epochs,best_epoch,best_tuning_dice,outer_test_all_postoperative_mean_dice,archive_validation,prediction_files,archive_bytes,archive_sha256,organized_zip,original_zip,expected_zip,canonical_notebook,canonical_notebook_sha256,split_sha256,training_budget,notes
no1,YES,DONE_VALIDATED,T4,Standard 3D U-Net,primary_five_fold_cross_validation,1,2026,6203,2026,381,130,94,32,119,41,66,63,0.5965844988822937,0.7989148473508804,PASS,119,144782710,afde896a5e299987730cf394bbdb434fbaf8247493c1f4cc721b1ffbd3450734,Returned_Results/matrix_runs/no1/MU_Glioma_no1_unet_fold1_seed2026_results.zip,zips/MU_Glioma_no1_unet_fold1_seed2026_results.zip,MU_Glioma_no1_unet_fold1_seed2026_results.zip,no1.ipynb,02fcfa9433e275a7a188a970d6a6417da87b040be9925cc297de19352549f8a6,f2fb55fec280e117e4bc502844ace52e7eb5a8875e36d80ba5e292591c107eb0,max 80; early stop after epoch 20 with min_delta 0.002/patience 8,
no2,YES,DONE_VALIDATED,P100,Standard 3D U-Net,primary_five_fold_cross_validation,2,2026,6204,2026,381,130,94,32,119,41,62,61,0.5712268352508545,0.8302363251626184,PASS,119,144587451,2b64b471df8a23f895e26bd94da9c673cc172d8beef12cefc71faf93031e5b3c,Returned_Results/matrix_runs/no2/MU_Glioma_no2_unet_fold2_seed2026_results.zip,zips/MU_Glioma_no2_unet_fold2_seed2026_results.zip,MU_Glioma_no2_unet_fold2_seed2026_results.zip,no2.ipynb,ea53e2ec59e478b900f192aaf3e22bfbdc379b00f115efd57968425557035afd,675a1598256128813e41b8b301341050284feb0709de3c63bb6a72cd5601e22e,max 80; early stop after epoch 20 with min_delta 0.002/patience 8,
no3,YES,DONE_VALIDATED,T4,Standard 3D U-Net,primary_five_fold_cross_validation,3,2026,6205,2026,381,130,94,32,119,41,53,45,0.5275169610977173,0.7889195907405254,PASS,119,144600310,5604c0a8d71230cfd30fa9a16a631ea9a0e1a0d6219ba66804651c619c471068,Returned_Results/matrix_runs/no3/MU_Glioma_no3_unet_fold3_seed2026_results.zip,zips/MU_Glioma_no3_unet_fold3_seed2026_results.zip,MU_Glioma_no3_unet_fold3_seed2026_results.zip,no3.ipynb,4729df449567d37d3179c38582218a97abf2f6476935c74c32d6b595178fba04,03e6710ea8a4eb8a4e679830cf1d64bde85bd9c31bfc502cf292b9eb6079023e,max 80; early stop after epoch 20 with min_delta 0.002/patience 8,
no4,YES,DONE_VALIDATED,P100,Standard 3D U-Net,primary_five_fold_cross_validation,4,2026,6206,2026,379,130,96,33,119,40,57,56,0.5153958797454834,0.7799271267004131,PASS,119,145522947,4a30ed8a87ce5f1ca7e2377a13d8a9851aa655e2dc96a4beca28bbeab1c6f41d,Returned_Results/matrix_runs/no4/MU_Glioma_no4_unet_fold4_seed2026_results.zip,zips/MU_Glioma_no4_unet_fold4_seed2026_results.zip,MU_Glioma_no4_unet_fold4_seed2026_results.zip,no4.ipynb,fe070c8240d6524ba76a05bac39288eec95aef18ba75b4de1c0324927e231bf9,a664a27ef9b23f6f5d0131128e0350bdcf6569cfa08e28047c24f652bcce125e,max 80; early stop after epoch 20 with min_delta 0.002/patience 8,
no5,YES,DONE_VALIDATED,RTX 3050,Standard 3D U-Net,primary_five_fold_cross_validation,5,2026,6207,2026,380,130,96,33,118,40,68,67,0.5894574522972107,0.7662707016880287,PASS,118,144478674,7d34e0572f9a7b3e23af926a7c75efdd6227930ab1a47dfa0efdd512a82070ec,Returned_Results/matrix_runs/no5/MU_Glioma_no5_unet_fold5_seed2026_results.zip,local_training_outputs/MU_Glioma_no5_unet_fold5_seed2026_results.zip,MU_Glioma_no5_unet_fold5_seed2026_results.zip,no5.ipynb,37d864ccf4232390bfaa1fea10a9a1189099d0bcce9f869afa07ef1730f6be68,fc04313973b90ab73bb65d621636de5410401e019c84d80c93c3efa1c73ef1e6,max 80; early stop after epoch 20 with min_delta 0.002/patience 8,
no6,YES,DONE_VALIDATED,P100,Standard 3D U-Net,training_seed_robustness_fold1,1,2026,6203,2027,381,130,94,32,119,41,53,53,0.4754982888698578,0.7730817078399416,PASS,119,144925065,917e1dca6a3fbb723261dc6c2b7b0b459dbe074d8291e7b13937f741680dc677,Returned_Results/matrix_runs/no6/MU_Glioma_no6_unet_fold1_seed2027_results.zip,Kaggle_Returned_Zips/no6/MU_Glioma_no6_unet_fold1_seed2027_results.zip,MU_Glioma_no6_unet_fold1_seed2027_results.zip,no6.ipynb,302af5a738930d537aafd918fab9920188775d130d8f9896ca1ed8fed42838de,f2fb55fec280e117e4bc502844ace52e7eb5a8875e36d80ba5e292591c107eb0,max 80; early stop after epoch 20 with min_delta 0.002/patience 8,
no7,YES,DONE_VALIDATED,P100,Standard 3D U-Net,training_seed_robustness_fold1,1,2026,6203,2028,381,130,94,32,119,41,47,39,0.5713216066360474,0.7857572371324961,PASS,119,145007617,d49df6991d12750186b5d21e1494f8ddb128e8a4e3f3b3ee76fb7b9e66cdd1ea,Returned_Results/matrix_runs/no7/MU_Glioma_no7_unet_fold1_seed2028_results.zip,Kaggle_Returned_Zips/no7/MU_Glioma_no7_unet_fold1_seed2028_results.zip,MU_Glioma_no7_unet_fold1_seed2028_results.zip,no7.ipynb,6325665acdea513068b4a6914f7b6864a71046656f74e826fb93e5a9892fcfed,f2fb55fec280e117e4bc502844ace52e7eb5a8875e36d80ba5e292591c107eb0,max 80; early stop after epoch 20 with min_delta 0.002/patience 8,
no8,YES,DONE_VALIDATED,P100,Residual 3D U-Net,primary_five_fold_cross_validation,1,2026,6203,2026,381,130,94,32,119,41,50,42,0.6443414688110352,0.808813288052121,PASS,119,147019584,3f22299006bafa8f3a2bea68b22270cdc836b9e07a0ed92efcf690ce33617b93,Returned_Results/matrix_runs/no8/MU_Glioma_no8_residual-unet_fold1_seed2026_results.zip,Kaggle_Returned_Zips/no8/MU_Glioma_no8_residual-unet_fold1_seed2026_results.zip,MU_Glioma_no8_residual-unet_fold1_seed2026_results.zip,no8.ipynb,a67a1f7ec7d96ef7c25a4891cd5fbbbd3bb04c6ff56bfd2131f78994b3a00a63,f2fb55fec280e117e4bc502844ace52e7eb5a8875e36d80ba5e292591c107eb0,max 80; early stop after epoch 20 with min_delta 0.002/patience 8,
no9,YES,DONE_VALIDATED,P100,Residual 3D U-Net,primary_five_fold_cross_validation,2,2026,6204,2026,381,130,94,32,119,41,43,35,0.5460373759269714,0.8159957568955172,PASS,119,147130820,0fbd0daf9d03d9fab5be6cf67ec381b8bd633951622f9a2d55dbcdbacaf4bedb,Returned_Results/matrix_runs/no9/MU_Glioma_no9_residual-unet_fold2_seed2026_results.zip,Kaggle_Returned_Zips/no9/MU_Glioma_no9_residual-unet_fold2_seed2026_results.zip,MU_Glioma_no9_residual-unet_fold2_seed2026_results.zip,no9.ipynb,bc4b16a37e7247fd5fef33ae9148ab5f888b01c35d8afa7671d08bcb73862f8d,675a1598256128813e41b8b301341050284feb0709de3c63bb6a72cd5601e22e,max 80; early stop after epoch 20 with min_delta 0.002/patience 8,
no10,YES,DONE_VALIDATED,RTX 3050,Residual 3D U-Net,primary_five_fold_cross_validation,3,2026,6205,2026,381,130,94,32,119,41,47,46,0.5558595657348633,0.8037019990605626,PASS,119,147092016,c3ceee4b7407d8f4e9ace7524aa96b9bf88c84e59e98dd32615a0606087e3d69,Returned_Results/matrix_runs/no10/MU_Glioma_no10_residual-unet_fold3_seed2026_results.zip,local_training_outputs/MU_Glioma_no10_residual-unet_fold3_seed2026_results.zip,MU_Glioma_no10_residual-unet_fold3_seed2026_results.zip,no10.ipynb,1dee93536a39528ca03bba818e6c6aa9e0fe9b04cc8510fe4c551d492a486937,03e6710ea8a4eb8a4e679830cf1d64bde85bd9c31bfc502cf292b9eb6079023e,max 80; early stop after epoch 20 with min_delta 0.002/patience 8,
no11,YES,DONE_VALIDATED,RTX 3050,Residual 3D U-Net,primary_five_fold_cross_validation,4,2026,6206,2026,379,130,96,33,119,40,38,37,0.54591304063797,0.8074478295868168,PASS,119,147419814,f6eebf164bef0cd8298838e0541425e7f33831124fc76b284cf5cb424403ad4e,Returned_Results/matrix_runs/no11/MU_Glioma_no11_residual-unet_fold4_seed2026_results.zip,local_training_outputs/MU_Glioma_no11_residual-unet_fold4_seed2026_results.zip,MU_Glioma_no11_residual-unet_fold4_seed2026_results.zip,no11.ipynb,a3cbdc54b4cd7c0aa7f6a277f3903ca363c4997b010f1c5b1b4086259ba6193e,a664a27ef9b23f6f5d0131128e0350bdcf6569cfa08e28047c24f652bcce125e,max 80; early stop after epoch 20 with min_delta 0.002/patience 8,
no12,YES,DONE_VALIDATED,RTX 3050,Residual 3D U-Net,primary_five_fold_cross_validation,5,2026,6207,2026,380,130,96,33,118,40,55,50,0.6293785572052002,0.7981766212243573,PASS,118,146569944,c884fa5809f2087187180cc0bd32c8a8848c650c3315073388c495933e695736,Returned_Results/matrix_runs/no12/MU_Glioma_no12_residual-unet_fold5_seed2026_results.zip,local_training_outputs/MU_Glioma_no12_residual-unet_fold5_seed2026_results.zip,MU_Glioma_no12_residual-unet_fold5_seed2026_results.zip,no12.ipynb,c54c99e46397dd6255eb55082ecdfe2e7252c9fdb0a930bb9f1b82c2963a485a,fc04313973b90ab73bb65d621636de5410401e019c84d80c93c3efa1c73ef1e6,max 80; early stop after epoch 20 with min_delta 0.002/patience 8,
no13,YES,DONE_VALIDATED,RTX 3050,Residual 3D U-Net,training_seed_robustness_fold1,1,2026,6203,2027,381,130,94,32,119,41,44,43,0.5414451360702515,0.8071156701057021,PASS,119,147103491,a3616ab4119a8f4487bfe24d930c4fd389aec325ac9134e94d5e15f5459f98c9,Returned_Results/matrix_runs/no13/MU_Glioma_no13_residual-unet_fold1_seed2027_results.zip,local_training_outputs/MU_Glioma_no13_residual-unet_fold1_seed2027_results.zip,MU_Glioma_no13_residual-unet_fold1_seed2027_results.zip,no13.ipynb,35edfd8de4122e03b3b85aa04b299017d7d514be6b1cba9dae01c3ee87b8e454,f2fb55fec280e117e4bc502844ace52e7eb5a8875e36d80ba5e292591c107eb0,max 80; early stop after epoch 20 with min_delta 0.002/patience 8,
no14,YES,DONE_VALIDATED,RTX 3050,Residual 3D U-Net,training_seed_robustness_fold1,1,2026,6203,2028,381,130,94,32,119,41,48,48,0.595086395740509,0.8211006816726154,PASS,119,147192305,f73934465a66cdf782c0bc4c8db0fb92784a7bbe200f66c349a3b6b91571cf7f,Returned_Results/matrix_runs/no14/MU_Glioma_no14_residual-unet_fold1_seed2028_results.zip,local_training_outputs/MU_Glioma_no14_residual-unet_fold1_seed2028_results.zip,MU_Glioma_no14_residual-unet_fold1_seed2028_results.zip,no14.ipynb,066103f45e6e8848bad2d5d7440fa034083c5f52edb538fcacbd6d752bffcfa3,f2fb55fec280e117e4bc502844ace52e7eb5a8875e36d80ba5e292591c107eb0,max 80; early stop after epoch 20 with min_delta 0.002/patience 8,
no15,YES,DONE_VALIDATED,RTX 3050,Controlled 3D V-Net,primary_five_fold_cross_validation,1,2026,6203,2026,381,130,94,32,119,41,51,51,0.6240944862365723,0.8142261332544418,PASS,119,251648606,b36cac1ca3694ea7af2dbaa2738cab5cd20fc38595c3dbbaa2723d2e8b6c602e,Returned_Results/matrix_runs/no15/MU_Glioma_no15_vnet_fold1_seed2026_results.zip,local_training_outputs/MU_Glioma_no15_vnet_fold1_seed2026_results.zip,MU_Glioma_no15_vnet_fold1_seed2026_results.zip,no15.ipynb,ed3aa555e908b163cc733dc9bee870c81225caa6077d6938de174af12972c0d5,f2fb55fec280e117e4bc502844ace52e7eb5a8875e36d80ba5e292591c107eb0,max 80; early stop after epoch 20 with min_delta 0.002/patience 8,
no16,YES,DONE_VALIDATED,RTX 3050,Controlled 3D V-Net,primary_five_fold_cross_validation,2,2026,6204,2026,381,130,94,32,119,41,40,35,0.515745222568512,0.8134529529195778,PASS,119,251626230,071ffc57a073dfffb24ef802bb90b6eb6e177464487ace31525672d4af01e0ac,Returned_Results/matrix_runs/no16/MU_Glioma_no16_vnet_fold2_seed2026_results.zip,local_training_outputs/MU_Glioma_no16_vnet_fold2_seed2026_results.zip,MU_Glioma_no16_vnet_fold2_seed2026_results.zip,no16.ipynb,b59044e6dbb159b324b00e44bbd5429483a71f05e1d93c93048fb211460c00d9,675a1598256128813e41b8b301341050284feb0709de3c63bb6a72cd5601e22e,max 80; early stop after epoch 20 with min_delta 0.002/patience 8,
no17,YES,DONE_VALIDATED,RTX 3050,Controlled 3D V-Net,primary_five_fold_cross_validation,3,2026,6205,2026,381,130,94,32,119,41,53,45,0.5321917533874512,0.7853856211648791,PASS,119,251563996,5312726ad6d68ebf7076a93c688a7d87766b92af7f6575d2e1af9837b02fc5f8,Returned_Results/matrix_runs/no17/MU_Glioma_no17_vnet_fold3_seed2026_results.zip,local_training_outputs/MU_Glioma_no17_vnet_fold3_seed2026_results.zip,MU_Glioma_no17_vnet_fold3_seed2026_results.zip,no17.ipynb,c96aa1be162c278cf4353e97504ac9ad9005845622b0810252e785494b8e94d8,03e6710ea8a4eb8a4e679830cf1d64bde85bd9c31bfc502cf292b9eb6079023e,max 80; early stop after epoch 20 with min_delta 0.002/patience 8,
no18,YES,DONE_VALIDATED,RTX 3050,Controlled 3D V-Net,primary_five_fold_cross_validation,4,2026,6206,2026,379,130,96,33,119,40,53,45,0.5251361131668091,0.8085360518086172,PASS,119,252117201,5a6af3a4b90f853f3ac26aed49ef59dabbd0f713d5fc155ef676f1aebac7c70e,Returned_Results/matrix_runs/no18/MU_Glioma_no18_vnet_fold4_seed2026_results.zip,local_training_outputs/MU_Glioma_no18_vnet_fold4_seed2026_results.zip,MU_Glioma_no18_vnet_fold4_seed2026_results.zip,no18.ipynb,c506ddfbf5209c26bb7bf10d1095734e94da448d3ee697b79416077df8fc4e77,a664a27ef9b23f6f5d0131128e0350bdcf6569cfa08e28047c24f652bcce125e,max 80; early stop after epoch 20 with min_delta 0.002/patience 8,
no19,YES,DONE_VALIDATED,RTX 3050,Controlled 3D V-Net,primary_five_fold_cross_validation,5,2026,6207,2026,380,130,96,33,118,40,57,54,0.6035133004188538,0.7902562321900065,PASS,118,251371025,eea31d08487af3281c28b4b29743bcb962e89247e32c736e41e06df61f855f1e,Returned_Results/matrix_runs/no19/MU_Glioma_no19_vnet_fold5_seed2026_results.zip,local_training_outputs/MU_Glioma_no19_vnet_fold5_seed2026_results.zip,MU_Glioma_no19_vnet_fold5_seed2026_results.zip,no19.ipynb,d3b398661ad97915f3cac0e5b49b697c237793e939cd2e0cd4af85840cdd98c4,fc04313973b90ab73bb65d621636de5410401e019c84d80c93c3efa1c73ef1e6,max 80; early stop after epoch 20 with min_delta 0.002/patience 8,
no20,YES,DONE_VALIDATED,P100,Controlled 3D V-Net,training_seed_robustness_fold1,1,2026,6203,2027,381,130,94,32,119,41,48,40,0.4948097169399261,0.7781974581117596,PASS,119,230888628,d469d40939fc11e789d8f50d7360584c570e04212b8fae00e7dd487865c388b6,Returned_Results/matrix_runs/no20/MU_Glioma_no20_vnet_fold1_seed2027_results.zip,Kaggle_Returned_Zips/no20/MU_Glioma_no20_vnet_fold1_seed2027_results.zip,MU_Glioma_no20_vnet_fold1_seed2027_results.zip,no20.ipynb,c575e82a809dae8c1983cfa3626cba5debccd5a5270d313a7354a864711a52ee,f2fb55fec280e117e4bc502844ace52e7eb5a8875e36d80ba5e292591c107eb0,max 80; early stop after epoch 20 with min_delta 0.002/patience 8,
no21,YES,DONE_VALIDATED,P100,Controlled 3D V-Net,training_seed_robustness_fold1,1,2026,6203,2028,381,130,94,32,119,41,47,39,0.5735242366790771,0.7710192031591623,PASS,119,231629115,0ba47d60dfc3fabbb83b6302731d8226e63b5764395bc3334e5ce628b5eb9ce3,Returned_Results/matrix_runs/no21/MU_Glioma_no21_vnet_fold1_seed2028_results.zip,Kaggle_Returned_Zips/no21/MU_Glioma_no21_vnet_fold1_seed2028_results.zip,MU_Glioma_no21_vnet_fold1_seed2028_results.zip,no21.ipynb,c8ed0c7915000692424239190f4bf68a4eaf19742cdc1daab31bcfff7ba3d8f8,f2fb55fec280e117e4bc502844ace52e7eb5a8875e36d80ba5e292591c107eb0,max 80; early stop after epoch 20 with min_delta 0.002/patience 8,
no22,YES,DONE_VALIDATED,A40,Controlled 3D U-Net++,primary_five_fold_cross_validation,1,2026,6203,2026,381,130,94,32,119,41,37,34,0.5780860185623169,0.75662509613958,PASS,119,167400406,25e744b8d4704ad2a2db11bd98c3e89ab64a20d23c590075c3c4c6b721685fec,Returned_Results/matrix_runs/no22/MU_Glioma_no22_unetplusplus_fold1_seed2026_results.zip,RunPod_Returned_Zips/no22/MU_Glioma_no22_unetplusplus_fold1_seed2026_results.zip,MU_Glioma_no22_unetplusplus_fold1_seed2026_results.zip,no22.ipynb,27665df427a6bfafd0210ddfbd8436d9cfb4fa7dc0560299d13d330ef2e26c74,f2fb55fec280e117e4bc502844ace52e7eb5a8875e36d80ba5e292591c107eb0,max 80; early stop after epoch 20 with min_delta 0.002/patience 8,
no23,YES,DONE_VALIDATED,A40,Controlled 3D U-Net++,primary_five_fold_cross_validation,2,2026,6204,2026,381,130,94,32,119,41,51,47,0.5773056149482727,0.8126263628521933,PASS,119,166658169,0b9f5cf05bf89210452dc215d199dcceb4915bbd5736a3e802e0c3e3b59140a3,Returned_Results/matrix_runs/no23/MU_Glioma_no23_unetplusplus_fold2_seed2026_results.zip,RunPod_Returned_Zips/no23/MU_Glioma_no23_unetplusplus_fold2_seed2026_results.zip,MU_Glioma_no23_unetplusplus_fold2_seed2026_results.zip,no23.ipynb,5a00c360869c259e6497ee235bd279a7a062facd14cf4bf0492f32b5b13f61c5,675a1598256128813e41b8b301341050284feb0709de3c63bb6a72cd5601e22e,max 80; early stop after epoch 20 with min_delta 0.002/patience 8,
no24,YES,DONE_VALIDATED,A40,Controlled 3D U-Net++,primary_five_fold_cross_validation,3,2026,6205,2026,381,130,94,32,119,41,65,60,0.538070023059845,0.7845394725719355,PASS,119,166686535,2a1fee4e0fa2d4b31817b26747c154664378a9c7b145df6277c1cebeab621c78,Returned_Results/matrix_runs/no24/MU_Glioma_no24_unetplusplus_fold3_seed2026_results.zip,RunPod_Returned_Zips/no24/MU_Glioma_no24_unetplusplus_fold3_seed2026_results.zip,MU_Glioma_no24_unetplusplus_fold3_seed2026_results.zip,no24.ipynb,6db12ba87148c97a039f6d91143c20c217ac40a5a5c2eb7168c0f026f5aafd6c,03e6710ea8a4eb8a4e679830cf1d64bde85bd9c31bfc502cf292b9eb6079023e,max 80; early stop after epoch 20 with min_delta 0.002/patience 8,
no25,YES,DONE_VALIDATED,A40,Controlled 3D U-Net++,primary_five_fold_cross_validation,4,2026,6206,2026,379,130,96,33,119,40,34,26,0.5019577741622925,0.7283775219461779,PASS,119,168322343,c85f49657cf411ff3c80f5ac71a92314b6576030ab91120a0bf901511ebdb726,Returned_Results/matrix_runs/no25/MU_Glioma_no25_unetplusplus_fold4_seed2026_results.zip,RunPod_Returned_Zips/no25/MU_Glioma_no25_unetplusplus_fold4_seed2026_results.zip,MU_Glioma_no25_unetplusplus_fold4_seed2026_results.zip,no25.ipynb,3d24e95821b327f392bb5b9054d925af788a21ffd346193a139676007e9dfb56,a664a27ef9b23f6f5d0131128e0350bdcf6569cfa08e28047c24f652bcce125e,max 80; early stop after epoch 20 with min_delta 0.002/patience 8,
no26,YES,DONE_VALIDATED,A40,Controlled 3D U-Net++,primary_five_fold_cross_validation,5,2026,6207,2026,380,130,96,33,118,40,52,51,0.5727630853652954,0.7568771554547197,PASS,118,166582185,32ac0279172187c5b978c22fae198cefb8cd8e7b75b5af6b3f3ab2964470a160,Returned_Results/matrix_runs/no26/MU_Glioma_no26_unetplusplus_fold5_seed2026_results.zip,RunPod_Returned_Zips/no26/MU_Glioma_no26_unetplusplus_fold5_seed2026_results.zip,MU_Glioma_no26_unetplusplus_fold5_seed2026_results.zip,no26.ipynb,4637fecedcf4ec2ae6705878f347530487e93dd9d13fbfa11aa325f121bf1b1d,fc04313973b90ab73bb65d621636de5410401e019c84d80c93c3efa1c73ef1e6,max 80; early stop after epoch 20 with min_delta 0.002/patience 8,
no27,YES,DONE_VALIDATED,P100,Controlled 3D U-Net++,training_seed_robustness_fold1,1,2026,6203,2027,381,130,94,32,119,41,44,40,0.4920970201492309,0.7626242639662278,PASS,119,167054908,657dd2577b18f983101c4e6fb7d220a522cd44b28d73438a388f9414f1b98cb9,Returned_Results/matrix_runs/no27/MU_Glioma_no27_unetplusplus_fold1_seed2027_results.zip,Kaggle_Returned_Zips/no27/MU_Glioma_no27_unetplusplus_fold1_seed2027_results.zip,MU_Glioma_no27_unetplusplus_fold1_seed2027_results.zip,no27.ipynb,3f09933df5d207680e45aeefb6664209b4a4bf165015ed5918dfbe3fdfcac118,f2fb55fec280e117e4bc502844ace52e7eb5a8875e36d80ba5e292591c107eb0,max 80; early stop after epoch 20 with min_delta 0.002/patience 8,
no28,YES,DONE_VALIDATED,P100,Controlled 3D U-Net++,training_seed_robustness_fold1,1,2026,6203,2028,381,130,94,32,119,41,48,48,0.5949293971061707,0.7910685435747735,PASS,119,167043226,a08fa97b2dcfa8395c22023ccd284ac3eebed2ea4304c8d9675f92eedbb32fb4,Returned_Results/matrix_runs/no28/MU_Glioma_no28_unetplusplus_fold1_seed2028_results.zip,Kaggle_Returned_Zips/no28/MU_Glioma_no28_unetplusplus_fold1_seed2028_results.zip,MU_Glioma_no28_unetplusplus_fold1_seed2028_results.zip,no28.ipynb,62a10ad1fac5c4adca08187908124fd61e5d9e398be8af0964c2d0645bb37442,f2fb55fec280e117e4bc502844ace52e7eb5a8875e36d80ba5e292591c107eb0,max 80; early stop after epoch 20 with min_delta 0.002/patience 8,
no29,YES,DONE_VALIDATED,P100,nnU-Net v2 3D fullres,primary_five_fold_cross_validation,1,2026,6203,2026,381,130,94,32,119,41,100,82,0.8472070097923279,0.9087181479689246,PASS,119,234269865,5354e5d986c9fb03601e6082518a2c98f04ccfbd3f66d1c32d7c8212594c291d,Returned_Results/matrix_runs/no29/MU_Glioma_no29_nnunet_fold1_seed2026_reports.zip,zips/MU_Glioma_no29_nnunet_fold1_seed2026_reports.zip,MU_Glioma_no29_nnunet_fold1_seed2026_reports.zip,no29.ipynb,d88a576e4c7550096795d44bff2a5c9663386349741bd48aef598b23b36229e5,f2fb55fec280e117e4bc502844ace52e7eb5a8875e36d80ba5e292591c107eb0,min 100/max 150; early stop with min_delta 0.002/patience 15,
no30,YES,DONE_VALIDATED,T4 -> A40,nnU-Net v2 3D fullres,primary_five_fold_cross_validation,2,2026,6204,2026,381,130,94,32,119,41,144,130,0.8540758490562439,0.9280872051837666,PASS,119,231345835,aea4f4a43a9c367769abe08896cd4a860b3c4859aa8aa9e53df28ff5fb27549e,Returned_Results/matrix_runs/no30/MU_Glioma_no30_nnunet_fold2_seed2026_reports.zip,RunPod_Returned_Zips/no30/MU_Glioma_no30_nnunet_fold2_seed2026_reports.zip,MU_Glioma_no30_nnunet_fold2_seed2026_reports.zip,no30.ipynb,1e89f9a9df4c4cd9b29dca76c44a24d44c9e6e28763113bc8b0727534695575d,675a1598256128813e41b8b301341050284feb0709de3c63bb6a72cd5601e22e,min 100/max 150; early stop with min_delta 0.002/patience 15,
no31,YES,DONE_VALIDATED,A40,nnU-Net v2 3D fullres,primary_five_fold_cross_validation,3,2026,6205,2026,381,130,94,32,119,41,150,149,0.8509556651115417,0.9036680884641238,PASS,119,231366883,06d93a0af26594490c03391b1b80355dcf75d6c7edcb909cf559936e2afe8e6b,Returned_Results/matrix_runs/no31/MU_Glioma_no31_nnunet_fold3_seed2026_reports.zip,RunPod_Returned_Zips/no31/MU_Glioma_no31_nnunet_fold3_seed2026_reports.zip,MU_Glioma_no31_nnunet_fold3_seed2026_reports.zip,no31.ipynb,e1c6f5ed87e39b5a7acfc58db4ea3a7348b5d89004f7d360bf044d661d9ccb53,03e6710ea8a4eb8a4e679830cf1d64bde85bd9c31bfc502cf292b9eb6079023e,min 100/max 150; early stop with min_delta 0.002/patience 15,
no32,YES,DONE_VALIDATED,A40,nnU-Net v2 3D fullres,primary_five_fold_cross_validation,4,2026,6206,2026,379,130,96,33,119,40,100,73,0.8238579630851746,0.8676782905064487,PASS,119,234320605,f72603c0db5fe78a942f7e4859229cbb9519eede6db9b3904cb2a597ce6ee1cc,Returned_Results/matrix_runs/no32/MU_Glioma_no32_nnunet_fold4_seed2026_reports.zip,RunPod_Returned_Zips/no32/MU_Glioma_no32_nnunet_fold4_seed2026_reports.zip,MU_Glioma_no32_nnunet_fold4_seed2026_reports.zip,no32.ipynb,e9817a92c36abbd1bab5725500eb9da04c7721f4ba7762b233fa721bf3de3a02,a664a27ef9b23f6f5d0131128e0350bdcf6569cfa08e28047c24f652bcce125e,min 100/max 150; early stop with min_delta 0.002/patience 15,
no33,YES,DONE_VALIDATED,A40,nnU-Net v2 3D fullres,primary_five_fold_cross_validation,5,2026,6207,2026,380,130,96,33,118,40,107,92,0.8115379810333252,0.8841111304774463,PASS,118,234254680,0101aecf95518c13b0faff9924293f8592ffba05ec040525de32a0468eb28376,Returned_Results/matrix_runs/no33/MU_Glioma_no33_nnunet_fold5_seed2026_reports.zip,RunPod_Returned_Zips/no33/MU_Glioma_no33_nnunet_fold5_seed2026_reports.zip,MU_Glioma_no33_nnunet_fold5_seed2026_reports.zip,no33.ipynb,568727448b6d4875cbd019a89f56f8b2e4821fd36b1eba0dc61d529564ac5b53,fc04313973b90ab73bb65d621636de5410401e019c84d80c93c3efa1c73ef1e6,min 100/max 150; early stop with min_delta 0.002/patience 15,
no34,YES,DONE_VALIDATED,A40,nnU-Net v2 3D fullres,training_seed_robustness_fold1,1,2026,6203,2027,381,130,94,32,119,41,104,89,0.8266261219978333,0.9134826774660908,PASS,119,234427982,3b0abed52f1ed2e1b691fda513c9562666d5b39a59fe2b435c7c7bd65cae7119,Returned_Results/matrix_runs/no34/MU_Glioma_no34_nnunet_fold1_seed2027_reports.zip,RunPod_Returned_Zips/no34/MU_Glioma_no34_nnunet_fold1_seed2027_reports.zip,MU_Glioma_no34_nnunet_fold1_seed2027_reports.zip,no34.ipynb,c7679218ab3c928e9f219aa09fd7a357c0a5677bf5f4ce36eced4d0274065513,f2fb55fec280e117e4bc502844ace52e7eb5a8875e36d80ba5e292591c107eb0,min 100/max 150; early stop with min_delta 0.002/patience 15,
no35,YES,DONE_VALIDATED,A40,nnU-Net v2 3D fullres,training_seed_robustness_fold1,1,2026,6203,2028,381,130,94,32,119,41,150,150,0.8775128126144409,0.9204145911687941,PASS,119,234468940,7ea14a9f306cf442fc11864d3c11341bbc5de9710fb6eb647c881f180e7f94cd,Returned_Results/matrix_runs/no35/MU_Glioma_no35_nnunet_fold1_seed2028_reports.zip,RunPod_Returned_Zips/no35/MU_Glioma_no35_nnunet_fold1_seed2028_reports.zip,MU_Glioma_no35_nnunet_fold1_seed2028_reports.zip,no35.ipynb,0a7d15dae019ae9158b653c59d65affc2b1b3504a987ebdbc0a2d971173bbf32,f2fb55fec280e117e4bc502844ace52e7eb5a8875e36d80ba5e292591c107eb0,min 100/max 150; early stop with min_delta 0.002/patience 15,
