run_id,architecture,analysis_role,fold,training_seed,platform,completed_epochs,best_epoch,stop_reason,training_hours,total_parameters,peak_gpu_memory_gib,inference_seconds_per_case,archive_mib,zip_path,zip_sha256
no1,Standard 3D U-Net,primary_five_fold_cross_validation,1,2026,T4,66,63,early_stopping,4.00870580368361,5647749,2.526329278945923,10.829094491747869,138.07555198669434,MU_Glioma_Research_Package/results/validated_zips/no1/MU_Glioma_no1_unet_fold1_seed2026_results.zip,afde896a5e299987730cf394bbdb434fbaf8247493c1f4cc721b1ffbd3450734
no2,Standard 3D U-Net,primary_five_fold_cross_validation,2,2026,P100,62,61,early_stopping,3.4156678325263887,5647749,2.526329278945923,10.537614251806687,137.88933849334717,MU_Glioma_Research_Package/results/validated_zips/no2/MU_Glioma_no2_unet_fold2_seed2026_results.zip,2b64b471df8a23f895e26bd94da9c673cc172d8beef12cefc71faf93031e5b3c
no3,Standard 3D U-Net,primary_five_fold_cross_validation,3,2026,T4,53,45,early_stopping,3.131641011676389,5647749,2.526329278945923,10.701116364613492,137.90160179138184,MU_Glioma_Research_Package/results/validated_zips/no3/MU_Glioma_no3_unet_fold3_seed2026_results.zip,5604c0a8d71230cfd30fa9a16a631ea9a0e1a0d6219ba66804651c619c471068
no4,Standard 3D U-Net,primary_five_fold_cross_validation,4,2026,P100,57,56,early_stopping,3.3504963109627774,5647749,2.526329278945923,10.852148824033753,138.78149700164795,MU_Glioma_Research_Package/results/validated_zips/no4/MU_Glioma_no4_unet_fold4_seed2026_results.zip,4a30ed8a87ce5f1ca7e2377a13d8a9851aa655e2dc96a4beca28bbeab1c6f41d
no5,Standard 3D U-Net,primary_five_fold_cross_validation,5,2026,RTX 3050,68,67,early_stopping,2.033588860015281,5647749,1.4013671875,5.532022547390424,137.78560066223145,MU_Glioma_Research_Package/results/validated_zips/no5/MU_Glioma_no5_unet_fold5_seed2026_results.zip,7d34e0572f9a7b3e23af926a7c75efdd6227930ab1a47dfa0efdd512a82070ec
no6,Standard 3D U-Net,training_seed_robustness_fold1,1,2027,P100,53,53,early_stopping,2.8971716909766667,5647749,2.526329278945923,10.503413294714388,138.21131229400635,MU_Glioma_Research_Package/results/validated_zips/no6/MU_Glioma_no6_unet_fold1_seed2027_results.zip,917e1dca6a3fbb723261dc6c2b7b0b459dbe074d8291e7b13937f741680dc677
no7,Standard 3D U-Net,training_seed_robustness_fold1,1,2028,P100,47,39,early_stopping,2.8432006857369445,5647749,2.526329278945923,11.777112657739435,138.29004001617432,MU_Glioma_Research_Package/results/validated_zips/no7/MU_Glioma_no7_unet_fold1_seed2028_results.zip,d49df6991d12750186b5d21e1494f8ddb128e8a4e3f3b3ee76fb7b9e66cdd1ea
no8,Residual 3D U-Net,primary_five_fold_cross_validation,1,2026,P100,50,42,early_stopping,2.804353293175,5736325,2.5421981811523438,11.79953127427724,140.20880126953125,MU_Glioma_Research_Package/results/validated_zips/no8/MU_Glioma_no8_residual-unet_fold1_seed2026_results.zip,3f22299006bafa8f3a2bea68b22270cdc836b9e07a0ed92efcf690ce33617b93
no9,Residual 3D U-Net,primary_five_fold_cross_validation,2,2026,P100,43,35,early_stopping,2.4336660099105556,5736325,2.5421981811523438,12.241261625764691,140.31488418579102,MU_Glioma_Research_Package/results/validated_zips/no9/MU_Glioma_no9_residual-unet_fold2_seed2026_results.zip,0fbd0daf9d03d9fab5be6cf67ec381b8bd633951622f9a2d55dbcdbacaf4bedb
no10,Residual 3D U-Net,primary_five_fold_cross_validation,3,2026,RTX 3050,47,46,early_stopping,1.5730559086013878,5736325,1.4359130859375,6.988725999117821,140.2778778076172,MU_Glioma_Research_Package/results/validated_zips/no10/MU_Glioma_no10_residual-unet_fold3_seed2026_results.zip,c3ceee4b7407d8f4e9ace7524aa96b9bf88c84e59e98dd32615a0606087e3d69
no11,Residual 3D U-Net,primary_five_fold_cross_validation,4,2026,RTX 3050,38,37,early_stopping,1.21238334857139,5736325,1.4359130859375,6.635514498528821,140.59049034118652,MU_Glioma_Research_Package/results/validated_zips/no11/MU_Glioma_no11_residual-unet_fold4_seed2026_results.zip,f6eebf164bef0cd8298838e0541425e7f33831124fc76b284cf5cb424403ad4e
no12,Residual 3D U-Net,primary_five_fold_cross_validation,5,2026,RTX 3050,55,50,early_stopping,1.73799113305,5736325,1.4359130859375,6.460409364236989,139.77999114990234,MU_Glioma_Research_Package/results/validated_zips/no12/MU_Glioma_no12_residual-unet_fold5_seed2026_results.zip,c884fa5809f2087187180cc0bd32c8a8848c650c3315073388c495933e695736
no13,Residual 3D U-Net,training_seed_robustness_fold1,1,2027,RTX 3050,44,43,early_stopping,1.4140459078916683,5736325,1.4359130859375,6.5935454458985605,140.28882122039795,MU_Glioma_Research_Package/results/validated_zips/no13/MU_Glioma_no13_residual-unet_fold1_seed2027_results.zip,a3616ab4119a8f4487bfe24d930c4fd389aec325ac9134e94d5e15f5459f98c9
no14,Residual 3D U-Net,training_seed_robustness_fold1,1,2028,RTX 3050,48,48,early_stopping,1.596121479316668,5736325,1.4359130859375,6.953049559848204,140.37352085113525,MU_Glioma_Research_Package/results/validated_zips/no14/MU_Glioma_no14_residual-unet_fold1_seed2028_results.zip,f73934465a66cdf782c0bc4c8db0fb92784a7bbe200f66c349a3b6b91571cf7f
no15,Controlled 3D V-Net,primary_five_fold_cross_validation,1,2026,RTX 3050,51,51,early_stopping,1.5566070857438898,10082069,1.5141358375549316,7.4519235092851615,239.99081230163574,MU_Glioma_Research_Package/results/validated_zips/no15/MU_Glioma_no15_vnet_fold1_seed2026_results.zip,b36cac1ca3694ea7af2dbaa2738cab5cd20fc38595c3dbbaa2723d2e8b6c602e
no16,Controlled 3D V-Net,primary_five_fold_cross_validation,2,2026,RTX 3050,40,35,early_stopping,1.190294129181667,10082069,1.5009522438049316,7.464829516663493,239.96947288513184,MU_Glioma_Research_Package/results/validated_zips/no16/MU_Glioma_no16_vnet_fold2_seed2026_results.zip,071ffc57a073dfffb24ef802bb90b6eb6e177464487ace31525672d4af01e0ac
no17,Controlled 3D V-Net,primary_five_fold_cross_validation,3,2026,RTX 3050,53,45,early_stopping,1.6761499095602792,10082069,1.5009522438049316,8.936030381973886,239.9101219177246,MU_Glioma_Research_Package/results/validated_zips/no17/MU_Glioma_no17_vnet_fold3_seed2026_results.zip,5312726ad6d68ebf7076a93c688a7d87766b92af7f6575d2e1af9837b02fc5f8
no18,Controlled 3D V-Net,primary_five_fold_cross_validation,4,2026,RTX 3050,53,45,early_stopping,1.8121668539350018,10082069,1.5009522438049316,9.507849149798858,240.43769931793213,MU_Glioma_Research_Package/results/validated_zips/no18/MU_Glioma_no18_vnet_fold4_seed2026_results.zip,5a6af3a4b90f853f3ac26aed49ef59dabbd0f713d5fc155ef676f1aebac7c70e
no19,Controlled 3D V-Net,primary_five_fold_cross_validation,5,2026,RTX 3050,57,54,early_stopping,1.8618209154080534,10082069,1.5009522438049316,7.358764926279684,239.72609043121338,MU_Glioma_Research_Package/results/validated_zips/no19/MU_Glioma_no19_vnet_fold5_seed2026_results.zip,eea31d08487af3281c28b4b29743bcb962e89247e32c736e41e06df61f855f1e
no20,Controlled 3D V-Net,training_seed_robustness_fold1,1,2027,P100,48,40,early_stopping,2.5469643523297223,10082069,2.6092047691345215,14.529867578159687,220.19255447387695,MU_Glioma_Research_Package/results/validated_zips/no20/MU_Glioma_no20_vnet_fold1_seed2027_results.zip,d469d40939fc11e789d8f50d7360584c570e04212b8fae00e7dd487865c388b6
no21,Controlled 3D V-Net,training_seed_robustness_fold1,1,2028,P100,47,39,early_stopping,2.597774461097778,10082069,2.5960211753845215,14.809723286529287,220.89873790740967,MU_Glioma_Research_Package/results/validated_zips/no21/MU_Glioma_no21_vnet_fold1_seed2028_results.zip,0ba47d60dfc3fabbb83b6302731d8226e63b5764395bc3334e5ce628b5eb9ce3
no22,Controlled 3D U-Net++,primary_five_fold_cross_validation,1,2026,A40,37,34,early_stopping,1.6679711302556097,6554101,2.562094211578369,8.77138474458406,159.6454677581787,MU_Glioma_Research_Package/results/validated_zips/no22/MU_Glioma_no22_unetplusplus_fold1_seed2026_results.zip,25e744b8d4704ad2a2db11bd98c3e89ab64a20d23c590075c3c4c6b721685fec
no23,Controlled 3D U-Net++,primary_five_fold_cross_validation,2,2026,A40,51,47,early_stopping,2.3364828212652355,6554101,2.562094211578369,8.582098209150448,158.93761539459229,MU_Glioma_Research_Package/results/validated_zips/no23/MU_Glioma_no23_unetplusplus_fold2_seed2026_results.zip,0b9f5cf05bf89210452dc215d199dcceb4915bbd5736a3e802e0c3e3b59140a3
no24,Controlled 3D U-Net++,primary_five_fold_cross_validation,3,2026,A40,65,60,early_stopping,3.0007273957795566,6554101,2.562094211578369,8.600850217294793,158.96466732025146,MU_Glioma_Research_Package/results/validated_zips/no24/MU_Glioma_no24_unetplusplus_fold3_seed2026_results.zip,2a1fee4e0fa2d4b31817b26747c154664378a9c7b145df6277c1cebeab621c78
no25,Controlled 3D U-Net++,primary_five_fold_cross_validation,4,2026,A40,34,26,early_stopping,1.5203264556080103,6554101,2.562094211578369,8.672788520351428,160.52469539642334,MU_Glioma_Research_Package/results/validated_zips/no25/MU_Glioma_no25_unetplusplus_fold4_seed2026_results.zip,c85f49657cf411ff3c80f5ac71a92314b6576030ab91120a0bf901511ebdb726
no26,Controlled 3D U-Net++,primary_five_fold_cross_validation,5,2026,A40,52,51,early_stopping,2.304432901693508,6554101,2.562094211578369,8.281954976587983,158.86515140533447,MU_Glioma_Research_Package/results/validated_zips/no26/MU_Glioma_no26_unetplusplus_fold5_seed2026_results.zip,32ac0279172187c5b978c22fae198cefb8cd8e7b75b5af6b3f3ab2964470a160
no27,Controlled 3D U-Net++,training_seed_robustness_fold1,1,2027,P100,44,40,early_stopping,3.699755889564167,6554101,2.5636560916900635,15.268781375277308,159.31597518920898,MU_Glioma_Research_Package/results/validated_zips/no27/MU_Glioma_no27_unetplusplus_fold1_seed2027_results.zip,657dd2577b18f983101c4e6fb7d220a522cd44b28d73438a388f9414f1b98cb9
no28,Controlled 3D U-Net++,training_seed_robustness_fold1,1,2028,P100,48,48,early_stopping,4.025889671253611,6554101,2.5636560916900635,14.89750302525201,159.30483436584473,MU_Glioma_Research_Package/results/validated_zips/no28/MU_Glioma_no28_unetplusplus_fold1_seed2028_results.zip,a08fa97b2dcfa8395c22023ccd284ac3eebed2ea4304c8d9675f92eedbb32fb4
no29,nnU-Net v2 3D fullres,primary_five_fold_cross_validation,1,2026,P100,100,82,early_stopping,7.228055833868334,31200601,8.1943359375,11.849485907890758,223.41715335845947,MU_Glioma_Research_Package/results/validated_zips/no29/MU_Glioma_no29_nnunet_fold1_seed2026_reports.zip,5354e5d986c9fb03601e6082518a2c98f04ccfbd3f66d1c32d7c8212594c291d
no30,nnU-Net v2 3D fullres,primary_five_fold_cross_validation,2,2026,T4 -> A40,144,130,early_stopping,10.79778890988334,30791001,8.0224609375,2.963081204809812,220.6285810470581,MU_Glioma_Research_Package/results/validated_zips/no30/MU_Glioma_no30_nnunet_fold2_seed2026_reports.zip,aea4f4a43a9c367769abe08896cd4a860b3c4859aa8aa9e53df28ff5fb27549e
no31,nnU-Net v2 3D fullres,primary_five_fold_cross_validation,3,2026,A40,150,149,maximum_epochs,6.716398035608905,30791001,8.0322265625,2.7354933577120115,220.64865398406982,MU_Glioma_Research_Package/results/validated_zips/no31/MU_Glioma_no31_nnunet_fold3_seed2026_reports.zip,06d93a0af26594490c03391b1b80355dcf75d6c7edcb909cf559936e2afe8e6b
no32,nnU-Net v2 3D fullres,primary_five_fold_cross_validation,4,2026,A40,100,73,early_stopping,4.3135126474784276,31200601,7.7626953125,2.6658678793097934,223.46554279327393,MU_Glioma_Research_Package/results/validated_zips/no32/MU_Glioma_no32_nnunet_fold4_seed2026_reports.zip,f72603c0db5fe78a942f7e4859229cbb9519eede6db9b3904cb2a597ce6ee1cc
no33,nnU-Net v2 3D fullres,primary_five_fold_cross_validation,5,2026,A40,107,92,early_stopping,4.448601775916371,31200601,7.7626953125,2.7170058850759355,223.40267181396484,MU_Glioma_Research_Package/results/validated_zips/no33/MU_Glioma_no33_nnunet_fold5_seed2026_reports.zip,0101aecf95518c13b0faff9924293f8592ffba05ec040525de32a0468eb28376
no34,nnU-Net v2 3D fullres,training_seed_robustness_fold1,1,2027,A40,104,89,early_stopping,4.267600967845776,31200601,7.7607421875,2.8018053271612073,223.56794548034668,MU_Glioma_Research_Package/results/validated_zips/no34/MU_Glioma_no34_nnunet_fold1_seed2027_reports.zip,3b0abed52f1ed2e1b691fda513c9562666d5b39a59fe2b435c7c7bd65cae7119
no35,nnU-Net v2 3D fullres,training_seed_robustness_fold1,1,2028,A40,150,150,maximum_epochs,5.988865080151396,31200601,7.5009765625,2.7816443879846013,223.60700607299805,MU_Glioma_Research_Package/results/validated_zips/no35/MU_Glioma_no35_nnunet_fold1_seed2028_reports.zip,7ea14a9f306cf442fc11864d3c11341bbc5de9710fb6eb647c881f180e7f94cd
