run_id,execution_stage,platform,packaged_notebook,source_path,execution_notebook_sha256,frozen_canonical_notebook_sha256,current_run_status
no1,complete_run,T4,notebooks_used/no1_colab.ipynb,Colab_Notebook_Variants/no1_colab.ipynb,86746f0f642f1cd90637c97ce4d20230dc6c41c82d30068af99c4c8240a58f57,02fcfa9433e275a7a188a970d6a6417da87b040be9925cc297de19352549f8a6,DONE_VALIDATED
no2,complete_run,P100,notebooks_used/no2_kaggle.ipynb,Kaggle_35_Training_Notebooks/no2.ipynb,ea53e2ec59e478b900f192aaf3e22bfbdc379b00f115efd57968425557035afd,ea53e2ec59e478b900f192aaf3e22bfbdc379b00f115efd57968425557035afd,DONE_VALIDATED
no3,complete_run,T4,notebooks_used/no3_colab.ipynb,Colab_Notebook_Variants/no3_colab.ipynb,de9f6c7eadb219f6db2fbac2a8da87a91512402e29bb86c2a70ca2fb50791475,4729df449567d37d3179c38582218a97abf2f6476935c74c32d6b595178fba04,DONE_VALIDATED
no4,complete_run,P100,notebooks_used/no4_kaggle.ipynb,Kaggle_35_Training_Notebooks/no4.ipynb,fe070c8240d6524ba76a05bac39288eec95aef18ba75b4de1c0324927e231bf9,fe070c8240d6524ba76a05bac39288eec95aef18ba75b4de1c0324927e231bf9,DONE_VALIDATED
no5,complete_run,RTX 3050,notebooks_used/no5_local.ipynb,Local_Notebook_Variants/no5_local.ipynb,d3e03f4e43b05ef8cb40cba6d5cdc116631783e569fa01f39a5ac685b73bcc1b,37d864ccf4232390bfaa1fea10a9a1189099d0bcce9f869afa07ef1730f6be68,DONE_VALIDATED
no6,complete_run,P100,notebooks_used/no6_kaggle.ipynb,Kaggle_Cloud_Runs/no6/no6_kaggle.ipynb,7aa28fd148b9522240a6dc7630ba32b3765db15cb1acfe8b290e86b6294eca8e,302af5a738930d537aafd918fab9920188775d130d8f9896ca1ed8fed42838de,DONE_VALIDATED
no7,complete_run,P100,notebooks_used/no7_kaggle.ipynb,Kaggle_Cloud_Runs/no7/no7_kaggle.ipynb,a0f32b489f77350bfe38a2c24b8780ab036b6780092470ff6574aabf9e29a406,6325665acdea513068b4a6914f7b6864a71046656f74e826fb93e5a9892fcfed,DONE_VALIDATED
no8,complete_run,P100,notebooks_used/no8_kaggle.ipynb,Kaggle_Cloud_Runs/no8/no8_kaggle.ipynb,33bb46ba2f7dc3494f290038dddb680220d8609daf3137d833dcb579b0b710a7,a67a1f7ec7d96ef7c25a4891cd5fbbbd3bb04c6ff56bfd2131f78994b3a00a63,DONE_VALIDATED
no9,complete_run,P100,notebooks_used/no9_kaggle.ipynb,Kaggle_Cloud_Runs/no9/no9_kaggle.ipynb,2eeea924a20518affbccce70ab4d3d511328a9cd3edbf5c8610fb0b293a48b14,bc4b16a37e7247fd5fef33ae9148ab5f888b01c35d8afa7671d08bcb73862f8d,DONE_VALIDATED
no10,complete_run,RTX 3050,notebooks_used/no10_local.ipynb,Local_Notebook_Variants/no10_local.ipynb,7058ad788bbbe5ca9854ce71a3dc013c13ddb6a501d047fb7fe0b0da5269ca8d,1dee93536a39528ca03bba818e6c6aa9e0fe9b04cc8510fe4c551d492a486937,DONE_VALIDATED
no11,complete_run,RTX 3050,notebooks_used/no11_local.ipynb,Local_Notebook_Variants/no11_local.ipynb,06b738c093ebb1a126e2542e0561d06a6d29f2f1a9336001d2fe3073c16adf78,a3cbdc54b4cd7c0aa7f6a277f3903ca363c4997b010f1c5b1b4086259ba6193e,DONE_VALIDATED
no12,complete_run,RTX 3050,notebooks_used/no12_local.ipynb,Local_Notebook_Variants/no12_local.ipynb,1cbe523df4e96cb85a6b7e221488a4072fec86c5e4414bd3d898eee2faa3436c,c54c99e46397dd6255eb55082ecdfe2e7252c9fdb0a930bb9f1b82c2963a485a,DONE_VALIDATED
no13,complete_run,RTX 3050,notebooks_used/no13_local.ipynb,Local_Notebook_Variants/no13_local.ipynb,fdcdacf42f6ac85ab214f15fdf419c04bc74189f81606900af97b29e242a38d3,35edfd8de4122e03b3b85aa04b299017d7d514be6b1cba9dae01c3ee87b8e454,DONE_VALIDATED
no14,complete_run,RTX 3050,notebooks_used/no14_local.ipynb,Local_Notebook_Variants/no14_local.ipynb,2a519871781d4c5826ca2d2c715c591f9682e7db192de5caddc53ae437232deb,066103f45e6e8848bad2d5d7440fa034083c5f52edb538fcacbd6d752bffcfa3,DONE_VALIDATED
no15,complete_run,RTX 3050,notebooks_used/no15_local.ipynb,Local_Notebook_Variants/no15_local.ipynb,1592f65d45c0f148acbb1f7215ddbf9400bdc0588df3643a66b5088ce7c67301,ed3aa555e908b163cc733dc9bee870c81225caa6077d6938de174af12972c0d5,DONE_VALIDATED
no16,complete_run,RTX 3050,notebooks_used/no16_local.ipynb,Local_Notebook_Variants/no16_local.ipynb,b49d27e11f9700590f7ca78cdca88487b41b8b934d6e0dca013a8061636559a7,b59044e6dbb159b324b00e44bbd5429483a71f05e1d93c93048fb211460c00d9,DONE_VALIDATED
no17,complete_run,RTX 3050,notebooks_used/no17_local.ipynb,Local_Notebook_Variants/no17_local.ipynb,4d2dad4efc5b221d1e0ab352b0148a69ced4cc2d526b3685cc82271b99001bcf,c96aa1be162c278cf4353e97504ac9ad9005845622b0810252e785494b8e94d8,DONE_VALIDATED
no18,complete_run,RTX 3050,notebooks_used/no18_local.ipynb,Local_Notebook_Variants/no18_local.ipynb,1103c6e005c4f141072a2013828d168b262e939f99f2816ab6da6818d192f7f7,c506ddfbf5209c26bb7bf10d1095734e94da448d3ee697b79416077df8fc4e77,DONE_VALIDATED
no19,complete_run,RTX 3050,notebooks_used/no19_local.ipynb,Local_Notebook_Variants/no19_local.ipynb,598c6356f5463964fce3926f7c10292d5292062cf2f84818bada518a1ea5ce00,d3b398661ad97915f3cac0e5b49b697c237793e939cd2e0cd4af85840cdd98c4,DONE_VALIDATED
no20,complete_run,P100,notebooks_used/no20_kaggle.ipynb,Kaggle_Cloud_Runs/no20/no20_kaggle.ipynb,1cf367a373536dc765f7d651e88b244efb13b037b68c7a1604cb0c41ebe6e7e5,c575e82a809dae8c1983cfa3626cba5debccd5a5270d313a7354a864711a52ee,DONE_VALIDATED
no21,complete_run,P100,notebooks_used/no21_kaggle.ipynb,Kaggle_Cloud_Runs/no21/no21_kaggle.ipynb,02aec7e48143cb170072aca82a555c3dfad557e592c6f1a1aeb2574fd171816c,c8ed0c7915000692424239190f4bf68a4eaf19742cdc1daab31bcfff7ba3d8f8,DONE_VALIDATED
no22,complete_run,A40,notebooks_used/no22_runpod.ipynb,RunPod_Notebook_Variants/no22_runpod.ipynb,8dfca097b29cb757e285d4d3a2ebb49ddcd86da3509e2f6224ff68c75fc66735,27665df427a6bfafd0210ddfbd8436d9cfb4fa7dc0560299d13d330ef2e26c74,DONE_VALIDATED
no23,complete_run,A40,notebooks_used/no23_runpod.ipynb,RunPod_Notebook_Variants/no23_runpod.ipynb,a5f62f3e927a9621c381844b0f9e427c8b431fc0b447db7c7220d48416ae1317,5a00c360869c259e6497ee235bd279a7a062facd14cf4bf0492f32b5b13f61c5,DONE_VALIDATED
no24,complete_run,A40,notebooks_used/no24_runpod.ipynb,RunPod_Notebook_Variants/no24_runpod.ipynb,a037a3bb6f73b426ddfc7550e53918064b2648a4915857cecb97f75648d0461c,6db12ba87148c97a039f6d91143c20c217ac40a5a5c2eb7168c0f026f5aafd6c,DONE_VALIDATED
no25,complete_run,A40,notebooks_used/no25_runpod.ipynb,RunPod_Notebook_Variants/no25_runpod.ipynb,5084f929ab3d62640d6698a3ee356e1a18b0e8d4e43abff5105323f853310b6a,3d24e95821b327f392bb5b9054d925af788a21ffd346193a139676007e9dfb56,DONE_VALIDATED
no26,complete_run,A40,notebooks_used/no26_runpod.ipynb,RunPod_Notebook_Variants/no26_runpod.ipynb,a1d889353e1ffcf40f44b2250bddf7395068871a2ac5954c30b340e141b3b429,4637fecedcf4ec2ae6705878f347530487e93dd9d13fbfa11aa325f121bf1b1d,DONE_VALIDATED
no27,complete_run,P100,notebooks_used/no27_kaggle.ipynb,Kaggle_Cloud_Runs/no27/no27_kaggle.ipynb,d09c3c4104bd5cd73442d27feb363d250c3299f5419b5d2f132bbbce1c350444,3f09933df5d207680e45aeefb6664209b4a4bf165015ed5918dfbe3fdfcac118,DONE_VALIDATED
no28,complete_run,P100,notebooks_used/no28_kaggle.ipynb,Kaggle_Cloud_Runs/no28/no28_kaggle.ipynb,d3c348e73d3bd449b6321dae17a66fe92321d5946290131869a4d4f86a8eb776,62a10ad1fac5c4adca08187908124fd61e5d9e398be8af0964c2d0645bb37442,DONE_VALIDATED
no29,complete_run,P100,notebooks_used/no29_kaggle.ipynb,Kaggle_35_Training_Notebooks/no29.ipynb,d88a576e4c7550096795d44bff2a5c9663386349741bd48aef598b23b36229e5,d88a576e4c7550096795d44bff2a5c9663386349741bd48aef598b23b36229e5,DONE_VALIDATED
no30,initial_training,T4,notebooks_used/no30_lightning_initial.ipynb,Lightning_Notebook_Variants/no30_lightning.ipynb,ecdc5071feb69a34dba68c691d38b9156486ee4406854d4625f4552f61dc1eb8,1e89f9a9df4c4cd9b29dca76c44a24d44c9e6e28763113bc8b0727534695575d,DONE_VALIDATED
no30,checkpoint_resume_and_completion,A40,notebooks_used/no30_runpod_resume.ipynb,RunPod_Notebook_Variants/no30_runpod.ipynb,b737e246c066841cc95bc1bb3358285ca9fb06f909ed311cb2ef93f62eea1251,1e89f9a9df4c4cd9b29dca76c44a24d44c9e6e28763113bc8b0727534695575d,DONE_VALIDATED
no31,complete_run,A40,notebooks_used/no31_runpod.ipynb,RunPod_Notebook_Variants/no31_runpod.ipynb,988f4fb8e1b2370bbb81d419de5f5b8ce3493546adbe878743e028fa7243b38b,e1c6f5ed87e39b5a7acfc58db4ea3a7348b5d89004f7d360bf044d661d9ccb53,DONE_VALIDATED
no32,complete_run,A40,notebooks_used/no32_runpod.ipynb,RunPod_Notebook_Variants/no32_runpod.ipynb,43ef098f8f7f403b4072d185bb0211df639bccdc75fac0d8e1c8427b25ba0f78,e9817a92c36abbd1bab5725500eb9da04c7721f4ba7762b233fa721bf3de3a02,DONE_VALIDATED
no33,complete_run,A40,notebooks_used/no33_runpod.ipynb,RunPod_Notebook_Variants/no33_runpod.ipynb,ca00bf7c7ee23e2dd5a9c75fc9788e98a58ede618dc0d81ba7b7c24fe828f980,568727448b6d4875cbd019a89f56f8b2e4821fd36b1eba0dc61d529564ac5b53,DONE_VALIDATED
no34,complete_run,A40,notebooks_used/no34_runpod.ipynb,RunPod_Notebook_Variants/no34_runpod.ipynb,6ab4ff80a7e116b0116dad4d6495048274cfc29fbf19e8aceef9504429ecfefb,c7679218ab3c928e9f219aa09fd7a357c0a5677bf5f4ce36eced4d0274065513,DONE_VALIDATED
no35,complete_run,A40,notebooks_used/no35_runpod.ipynb,RunPod_Notebook_Variants/no35_runpod.ipynb,3270bce621ad9a7bbacf12cd593ffad3b66484b72d647922aac5ed62fcba415e,0a7d15dae019ae9158b653c59d65affc2b1b3504a987ebdbc0a2d971173bbf32,DONE_VALIDATED
